<?xml version="1.0"?>
<!-- constant.xml -->
<!-- An example of a constant file, in this case is AFrame -->
<!-- Last Update: June 23, 2003      -->

<aframe xmlns:xsi="http://www.w3.org/2001/XMLSchema-instance"
  xsi:noNamespaceSchemaLocation="AFrame.xsd"
  filename="constant.java">

<func name="imports">
   <param name="list" value="default-values"/>
   
   <body>
     <while name="x" in="list">
       import {$x};
       int {$x};
     </while>  
   </body>

</func>


<func name="main">
  <param name="arg" value=""/>

  <body>
    <call name="imports">
     <with name="list" value="x.y.z"/>
    </call>
  </body>

</func>

</aframe>
